Address,Date time,Minimum Temperature,Maximum Temperature,Temperature,Dew Point,Relative Humidity,Heat Index,Wind Speed,Wind Gust,Wind Direction,Wind Chill,Precipitation,Precipitation Cover,Snow Depth,Visibility,Cloud Cover,Sea Level Pressure,Weather Type,Latitude,Longitude,Resolved Address,Name,Info,Conditions
"USA, Iowa",01/01/2019,-11.6,-6.6,-9.9,-13,78.14,,35.3,,308.75,-21,0,0,,15.3,97.1,1029.2,,41.58982,-93.61538,"IA, United States","IA, United States",,Overcast
"USA, Iowa",01/02/2019,-9.3,0.1,-4.8,-9.4,70.98,,31.7,47.9,222.92,-15.5,0,0,,15.8,52.9,1020.9,,41.58982,-93.61538,"IA, United States","IA, United States",,Partially cloudy
"USA, Iowa",01/03/2019,-6.1,9.4,0.8,-5.1,66.76,,27.7,,207.92,-11.5,0,0,,16,16.3,1015.3,,41.58982,-93.61538,"IA, United States","IA, United States",,Clear
"USA, Iowa",01/04/2019,-2.1,10.7,3.3,-1.6,71.31,,16.6,,257.08,-5.7,0,0,,16,15,1010.2,,41.58982,-93.61538,"IA, United States","IA, United States",,Clear
"USA, Iowa",01/05/2019,-1.1,13.4,5.2,0.3,73.29,,14.8,,216.96,-4.4,0,0,,16,44.6,1014.7,,41.58982,-93.61538,"IA, United States","IA, United States",,Partially cloudy
"USA, Iowa",01/06/2019,1.2,7.2,3.9,1.4,83.72,,33.5,63,98.33,-3.5,0.8,8.33,,16,99.6,1014.1,,41.58982,-93.61538,"IA, United States","IA, United States",,"Rain, Overcast"
"USA, Iowa",01/07/2019,4.4,9.4,7.8,5.1,83.31,,29.5,51.8,226.52,2,4.2,25,,15.8,76.3,1004.4,,41.58982,-93.61538,"IA, United States","IA, United States",,"Rain, Overcast"
"USA, Iowa",01/08/2019,-0.6,7.9,3.7,-3.2,62.04,,51.8,81.4,286.25,-7,0,0,,16,35.4,1018.7,,41.58982,-93.61538,"IA, United States","IA, United States",,Partially cloudy
"USA, Iowa",01/09/2019,-7.1,-1.6,-5.5,-12.2,59.49,,33.5,66.6,315,-15.2,0,0,,16,35.8,1032.1,,41.58982,-93.61538,"IA, United States","IA, United States",,Partially cloudy
"USA, Iowa",01/10/2019,-8.3,1.2,-4.2,-9.7,66.23,,20.5,,143.64,-14.2,0,0,,16,70.8,1028.8,,41.58982,-93.61538,"IA, United States","IA, United States",,Partially cloudy
"USA, Iowa",01/11/2019,-3.8,1.7,-0.9,-4.9,74.87,,13,,117.5,-8.7,1.3,8.33,,14.3,95.8,1022.9,,41.58982,-93.61538,"IA, United States","IA, United States",,"Rain, Overcast"
"USA, Iowa",01/12/2019,-2.1,-1.1,-1.6,-2.6,92.92,,24.1,,53.33,-7.7,11.1,75,8.5,2.3,95.8,1024.4,,41.58982,-93.61538,"IA, United States","IA, United States",,"Snow, Overcast"
"USA, Iowa",01/13/2019,-7.1,0.7,-3.4,-5.7,84.77,,22.3,,109.17,-11.6,0,0,12.25,12.6,53.3,1031,,41.58982,-93.61538,"IA, United States","IA, United States",,"Snow, Partially cloudy"
"USA, Iowa",01/14/2019,-8.8,-1.6,-4.1,-4.9,94.4,,24.1,,235.42,-14.2,0,0,10,8.4,91.3,1027.8,,41.58982,-93.61538,"IA, United States","IA, United States",,"Snow, Overcast"
"USA, Iowa",01/15/2019,-1.6,0.7,-0.4,-1.2,93.89,,27.7,,249.58,-7,0,0,9.5,12.4,100,1021.6,,41.58982,-93.61538,"IA, United States","IA, United States",,"Snow, Overcast"
"USA, Iowa",01/16/2019,-7.1,0.1,-3.8,-6.5,81.96,,24.1,,166.67,-12.7,0,0,8,15.5,97.9,1023.9,,41.58982,-93.61538,"IA, United States","IA, United States",,"Snow, Overcast"
"USA, Iowa",01/17/2019,-3.3,-1.6,-2.6,-4.5,86.67,,20.5,,259.09,-8.1,0,0,8,9.7,100,1020.9,,41.58982,-93.61538,"IA, United States","IA, United States",,"Snow, Overcast"
"USA, Iowa",01/18/2019,-7.1,-3.8,-5.9,-8.6,81.45,,31.7,51.8,54.17,-16,7.4,25,10.33,10.9,82.5,1019.3,,41.58982,-93.61538,"IA, United States","IA, United States",,"Snow, Overcast"
"USA, Iowa",01/19/2019,-15.6,-7.8,-11.5,-14.7,77.62,,37.1,55.4,208.33,-23.4,0,0,17.25,12.8,72.1,1025.2,,41.58982,-93.61538,"IA, United States","IA, United States",,"Snow, Partially cloudy"
"USA, Iowa",01/20/2019,-16.6,-12.8,-14.9,-18.3,75.89,,16.6,,138.26,-24.8,0.9,12.5,16.5,13.7,90.4,1030.5,,41.58982,-93.61538,"IA, United States","IA, United States",,"Snow, Overcast"
"USA, Iowa",01/21/2019,-16.1,-7.1,-11.4,-15.6,70.96,,38.9,57.2,120.42,-25.2,0,0,18,16,96.7,1024.4,,41.58982,-93.61538,"IA, United States","IA, United States",,"Snow, Overcast"
"USA, Iowa",01/22/2019,-7.1,-2.1,-4.6,-6.3,88.6,,31.7,51.8,217.08,-15.5,4.7,37.5,18,6.5,87.5,1014.7,,41.58982,-93.61538,"IA, United States","IA, United States",,"Snow, Overcast"
"USA, Iowa",01/23/2019,-11.1,-6.1,-8.7,-11.2,82.45,,25.9,,281.25,-19.7,3.9,29.17,27.33,11.1,31.3,1014.8,,41.58982,-93.61538,"IA, United States","IA, United States",,"Snow, Partially cloudy"
"USA, Iowa",01/24/2019,-18.3,-4.9,-11.3,-15.2,73.36,,46.4,73.8,310.42,-26.9,0,0,26,15.3,35.4,1021.3,,41.58982,-93.61538,"IA, United States","IA, United States",,"Snow, Partially cloudy"
"USA, Iowa",01/25/2019,-22.1,-7.1,-15.3,-18.9,74.1,,20.5,,176.67,-31,0,0,22.25,16,61.3,1023.4,,41.58982,-93.61538,"IA, United States","IA, United States",,"Snow, Partially cloudy"
"USA, Iowa",01/26/2019,-18.3,-2.1,-11.2,-14,80.16,,25.9,50,225.42,-24.9,1.2,16.67,20,13.7,90,1019.5,,41.58982,-93.61538,"IA, United States","IA, United States",,"Snow, Overcast"
"USA, Iowa",01/27/2019,-17.8,-4.9,-13.6,-16.1,81.72,,25.9,,161.25,-24.9,1.6,12.5,19.5,12.3,79.2,1016.5,,41.58982,-93.61538,"IA, United States","IA, United States",,"Snow, Overcast"
"USA, Iowa",01/28/2019,-14.9,2.9,-9.2,-12.9,74.55,,61.2,96.1,302.5,-25.4,0.3,4.17,18,12.6,81.3,1011.9,,41.58982,-93.61538,"IA, United States","IA, United States",,"Snow, Overcast"
"USA, Iowa",01/29/2019,-25,-14.3,-17.4,-23.1,61.96,,46.4,70.2,297.92,-39.6,0,0,18,15.1,50.8,1022.6,,41.58982,-93.61538,"IA, United States","IA, United States",,"Snow, Partially cloudy"
"USA, Iowa",01/30/2019,-28.9,-21.6,-25.6,-31,60.48,,38.9,60.8,270.83,-43.1,0,0,18,15.4,22.5,1030.7,,41.58982,-93.61538,"IA, United States","IA, United States",,Snow
"USA, Iowa",01/31/2019,-25.6,-14.9,-19.6,-23.7,69.94,,20.5,,116.67,-34.4,0.3,4.17,18,15.5,80.8,1026.1,,41.58982,-93.61538,"IA, United States","IA, United States",,"Snow, Overcast"
"USA, Iowa",02/01/2019,-18.3,-3.3,-11.5,-14.7,77.21,,20.5,,125.42,-26,0,0,16.5,16,73.8,1023.2,,41.58982,-93.61538,"IA, United States","IA, United States",,"Snow, Partially cloudy"
"USA, Iowa",02/02/2019,-3.3,6.2,3.2,2.6,95.78,,22.3,,191.67,-9.2,0,0,12,6.4,71.7,1013.6,,41.58982,-93.61538,"IA, United States","IA, United States",,"Snow, Partially cloudy"
"USA, Iowa",02/03/2019,6.2,9.4,7.8,7.7,99.58,,22.3,,171.67,2.7,0,0,5,3,70.4,1005.5,,41.58982,-93.61538,"IA, United States","IA, United States",,"Snow, Partially cloudy"
"USA, Iowa",02/04/2019,-10.6,10.1,-4.1,-6.7,82.39,,42.5,59,296.67,-18.8,0,0,,12.9,81.3,1012.6,,41.58982,-93.61538,"IA, United States","IA, United States",,Overcast
"USA, Iowa",02/05/2019,-13.3,-7.1,-10,-12.6,81.55,,20.5,,161.3,-20.8,0.6,8.33,,11.1,94.6,1019.5,,41.58982,-93.61538,"IA, United States","IA, United States",,"Rain, Overcast"
"USA, Iowa",02/06/2019,-8.8,-4.3,-6.8,-7.7,93.26,,22.3,,318.75,-15.9,0.6,8.33,,7.1,100,1016.5,,41.58982,-93.61538,"IA, United States","IA, United States",,"Rain, Overcast"
"USA, Iowa",02/07/2019,-16.6,-6.6,-12.3,-15.1,80.31,,48.2,70.2,307.5,-29.2,4.2,20.83,3,8.1,94.6,1018.5,,41.58982,-93.61538,"IA, United States","IA, United States",,"Snow, Overcast"
"USA, Iowa",02/08/2019,-19.4,-12.1,-16,-21.2,64.27,,35.3,59,268.64,-30.7,0,0,3,16,8.8,1039.1,,41.58982,-93.61538,"IA, United States","IA, United States",,Snow
"USA, Iowa",02/09/2019,-16.1,-4.3,-10.4,-15.5,66.52,,31.7,,118.33,-23.7,0,0,3,16,65.8,1039.8,,41.58982,-93.61538,"IA, United States","IA, United States",,"Snow, Partially cloudy"
"USA, Iowa",02/10/2019,-4.9,-2.1,-3.8,-6.3,82.79,,16.6,,103.33,-10.1,4.3,16.67,5.83,9.9,87.5,1024.4,,41.58982,-93.61538,"IA, United States","IA, United States",,"Snow, Overcast"
"USA, Iowa",02/11/2019,-4.3,-2.1,-3.3,-4.7,90.12,,20.5,,85,-10.4,5.3,37.5,10.4,6.5,95.8,1016.7,,41.58982,-93.61538,"IA, United States","IA, United States",,"Snow, Overcast"
"USA, Iowa",02/12/2019,-12.1,-3.3,-6.3,-9,81.18,,50,72,292.92,-22.5,1.5,8.33,18.8,9.2,71.7,1014.3,,41.58982,-93.61538,"IA, United States","IA, United States",,"Snow, Partially cloudy"
"USA, Iowa",02/13/2019,-15.6,-1.1,-8.4,-13,69.76,,35.3,53.6,192.73,-24.6,0,0,15.25,16,66.7,1015.4,,41.58982,-93.61538,"IA, United States","IA, United States",,"Snow, Partially cloudy"
"USA, Iowa",02/14/2019,-13.8,4.4,-3.3,-6.5,78.54,,42.5,73.8,236.09,-24.4,0,0,9,14.7,82.1,1005.4,,41.58982,-93.61538,"IA, United States","IA, United States",,"Snow, Overcast"
"USA, Iowa",02/15/2019,-16.6,-10.6,-14.1,-18,72.36,,29.5,51.8,324.17,-27.1,0,0,5,16,79.2,1021,,41.58982,-93.61538,"IA, United States","IA, United States",,"Snow, Overcast"
"USA, Iowa",02/16/2019,-17.1,-6.1,-11.1,-15.1,73.19,,22.3,,135.24,-23.6,4.3,4.35,6,15.3,47.8,1018.9,,41.58982,-93.61538,"IA, United States","IA, United States",,"Snow, Partially cloudy"
"USA, Iowa",02/17/2019,-6.6,-3.3,-4.6,-6,89.72,,20.5,,150.83,-12.5,11.8,54.17,21.29,3.4,91.7,1012.9,,41.58982,-93.61538,"IA, United States","IA, United States",,"Snow, Overcast"
"USA, Iowa",02/18/2019,-13.8,-6.1,-9,-11.8,81.03,,16.6,,315.83,-18.2,0.3,4.17,26,14.5,52.9,1031.1,,41.58982,-93.61538,"IA, United States","IA, United States",,"Snow, Partially cloudy"
"USA, Iowa",02/19/2019,-18.3,-4.9,-11.8,-14.2,82.89,,24.1,,152.63,-23.5,0.3,4.17,23,11.9,91.3,1032.9,,41.58982,-93.61538,"IA, United States","IA, United States",,"Snow, Overcast"
"USA, Iowa",02/20/2019,-7.1,-0.6,-3.2,-5.4,85.02,,33.5,53.6,185.42,-13.2,3.9,37.5,24.8,9.1,70,1010.1,,41.58982,-93.61538,"IA, United States","IA, United States",,"Snow, Partially cloudy"
"USA, Iowa",02/21/2019,-11.6,0.7,-5.9,-10.2,73.15,,14.8,,199.05,-17.6,0,0,21,13,38.3,1023.3,,41.58982,-93.61538,"IA, United States","IA, United States",,"Snow, Partially cloudy"
"USA, Iowa",02/22/2019,-8.8,-0.6,-4.1,-8.6,70.86,,20.5,,77.83,-15.2,0,0,18,13.5,75,1026.3,,41.58982,-93.61538,"IA, United States","IA, United States",,"Snow, Partially cloudy"
"USA, Iowa",02/23/2019,-1.6,1.2,0.4,0,97.4,,51.8,77.8,135.83,-10.5,16.7,50,16,2.6,91.7,1007.4,,41.58982,-93.61538,"IA, United States","IA, United States",,"Snow, Overcast"
"USA, Iowa",02/24/2019,-15.6,-2.8,-9.8,-12.9,78.27,,64.8,92.5,300,-25.6,0,0,20.4,8.6,60.8,1020.7,,41.58982,-93.61538,"IA, United States","IA, United States",,"Snow, Partially cloudy"
"USA, Iowa",02/25/2019,-17.8,-11.1,-14.4,-19.4,66.22,,25.9,,118.33,-26.1,0,0,18,16,72.5,1033.6,,41.58982,-93.61538,"IA, United States","IA, United States",,"Snow, Partially cloudy"
"USA, Iowa",02/26/2019,-14.3,-7.8,-11,-14.1,78.16,,24.1,,55.42,-24.2,0,0,18,13.8,97.1,1030.1,,41.58982,-93.61538,"IA, United States","IA, United States",,"Snow, Overcast"
"USA, Iowa",02/27/2019,-13.8,-8.8,-11.2,-14.4,77.38,,31.7,,321.67,-21.7,0,0,18,13,86.7,1028.3,,41.58982,-93.61538,"IA, United States","IA, United States",,"Snow, Overcast"
"USA, Iowa",02/28/2019,-13.8,-6.1,-9.6,-15.5,62.7,,11.2,,164.74,-19.7,0,0,18,16,96.3,1025.6,,41.58982,-93.61538,"IA, United States","IA, United States",,"Snow, Overcast"
"USA, Iowa",03/01/2019,-9.9,-0.6,-5.2,-10,69.5,,33.5,53.6,192.86,-14.6,0,0,18,15.8,82.5,1021.8,,41.58982,-93.61538,"IA, United States","IA, United States",,"Snow, Overcast"
"USA, Iowa",03/02/2019,-13.3,-6.6,-9.8,-13.1,76.85,,29.5,,295.83,-21.3,0,0,18,13.9,82.1,1029.5,,41.58982,-93.61538,"IA, United States","IA, United States",,"Snow, Overcast"
"USA, Iowa",03/03/2019,-19.4,-12.8,-17.1,-22.3,64.1,,33.5,,323.33,-31.7,0,0,16.5,15.8,52.9,1032.7,,41.58982,-93.61538,"IA, United States","IA, United States",,"Snow, Partially cloudy"
"USA, Iowa",03/04/2019,-20.5,-11.6,-16.3,-21.3,65.72,,33.5,,272.92,-30.5,0,0,15,16,9.6,1028.2,,41.58982,-93.61538,"IA, United States","IA, United States",,Snow
"USA, Iowa",03/05/2019,-14.9,-7.8,-11.1,-16.3,65.32,,33.5,51.8,287.5,-24.6,0,0,15,16,27.5,1027.4,,41.58982,-93.61538,"IA, United States","IA, United States",,"Snow, Partially cloudy"
"USA, Iowa",03/06/2019,-14.9,0.1,-7.4,-13,65.18,,20.5,,233.18,-21.6,0,0,15,16,50.8,1028,,41.58982,-93.61538,"IA, United States","IA, United States",,"Snow, Partially cloudy"
"USA, Iowa",03/07/2019,-8.3,-4.3,-6.4,-9.4,79.42,,20.5,,77.08,-14.6,3.5,29.17,17.5,10.5,87.5,1025.3,,41.58982,-93.61538,"IA, United States","IA, United States",,"Snow, Overcast"
"USA, Iowa",03/08/2019,-4.3,2.2,-1.2,-3.4,85.47,,22.3,,113.48,-8.8,0,0,18.75,7.3,99.6,1018.2,,41.58982,-93.61538,"IA, United States","IA, United States",,"Snow, Overcast"
"USA, Iowa",03/09/2019,0.1,1.7,1.1,0,92.39,,48.2,77.8,178.26,-6.4,15.1,41.67,13.25,8,87.5,1001.6,,41.58982,-93.61538,"IA, United States","IA, United States",,"Snow, Overcast"
"USA, Iowa",03/10/2019,-4.9,1.2,-1.6,-6.9,68.14,,55.4,79.6,285.22,-13.1,0,0,9.5,15.9,67.8,1020.3,,41.58982,-93.61538,"IA, United States","IA, United States",,"Snow, Partially cloudy"
"USA, Iowa",03/11/2019,-4.3,6.2,0.3,-5.7,65.86,,11.2,,185.26,-7.6,0,0,7.25,16,64.2,1029.6,,41.58982,-93.61538,"IA, United States","IA, United States",,"Snow, Partially cloudy"
"USA, Iowa",03/12/2019,-0.6,6.2,3.1,0.1,81.56,,31.7,,152.5,-4.8,20.1,29.17,4,13.5,89.2,1019.3,,41.58982,-93.61538,"IA, United States","IA, United States",,"Snow, Overcast"
"USA, Iowa",03/13/2019,5.7,13.4,9.2,8.3,93.76,,35.3,51.8,126.52,2.6,10.3,52.17,3,7,49.1,999.5,,41.58982,-93.61538,"IA, United States","IA, United States",,"Snow, Partially cloudy"
"USA, Iowa",03/14/2019,1.2,10.7,5.7,3,83.13,,40.7,66.6,224.58,-5.6,0.8,8.33,,13.6,95.4,993.7,,41.58982,-93.61538,"IA, United States","IA, United States",,"Rain, Overcast"
"USA, Iowa",03/15/2019,-1.6,7.9,2.1,-4.4,63.09,,51.8,76,309.58,-9.3,0,0,,16,51.7,1021,,41.58982,-93.61538,"IA, United States","IA, United States",,Partially cloudy
"USA, Iowa",03/16/2019,-3.3,10.1,2.4,-3.4,68.03,,22.3,,215.24,-6.5,0,0,,16,67.9,1027.5,,41.58982,-93.61538,"IA, United States","IA, United States",,Partially cloudy
"USA, Iowa",03/17/2019,-1.6,6.2,2.1,-2.3,74.2,,18.4,,323.5,-4.5,0,0,,15.6,56.7,1027.9,,41.58982,-93.61538,"IA, United States","IA, United States",,Partially cloudy
"USA, Iowa",03/18/2019,-3.3,7.9,2.5,-4.9,63.4,,13,,272.22,-7.6,0,0,,15,50.8,1030.3,,41.58982,-93.61538,"IA, United States","IA, United States",,Partially cloudy
"USA, Iowa",03/19/2019,-0.6,10.1,4.4,-2.7,62.13,,22.3,,162.5,-4.4,2.4,16.67,,15.3,85.8,1026.3,,41.58982,-93.61538,"IA, United States","IA, United States",,"Rain, Overcast"
"USA, Iowa",03/20/2019,0.7,12.9,5.4,1.5,78.47,,40.7,57.2,280.95,-5.4,0,0,,12.2,63.8,1018.7,,41.58982,-93.61538,"IA, United States","IA, United States",,Partially cloudy
"USA, Iowa",03/21/2019,-1.1,12.2,5.5,-0.7,67.22,,24.1,,308.75,-5.8,0,0,,15.9,22.9,1021.2,,41.58982,-93.61538,"IA, United States","IA, United States",,Clear
"USA, Iowa",03/22/2019,0.1,14.4,7.2,-1.7,57.75,,18.4,,200.5,-3.9,0,0,,16,19.2,1022.5,,41.58982,-93.61538,"IA, United States","IA, United States",,Clear
"USA, Iowa",03/23/2019,1.2,12.2,7.4,-0.4,59.49,,20.5,,107.08,-2.2,1.6,12.5,,15.9,77.9,1021.8,,41.58982,-93.61538,"IA, United States","IA, United States",,"Rain, Overcast"
"USA, Iowa",03/24/2019,6.2,10.7,7.8,5.8,87.52,,24.1,,67.39,4.1,2.4,12.5,,9.7,100,1017,,41.58982,-93.61538,"IA, United States","IA, United States",,"Rain, Overcast"
"USA, Iowa",03/25/2019,2.9,9.4,5.9,2,76.78,,14.8,,131.9,-0.2,0.3,4.17,,15.5,81.3,1025.9,,41.58982,-93.61538,"IA, United States","IA, United States",,"Rain, Overcast"
"USA, Iowa",03/26/2019,-1.1,13.4,6.2,0.2,68.09,,22.3,,184.44,-1.4,0,0,,13.6,64.6,1028.2,,41.58982,-93.61538,"IA, United States","IA, United States",,Partially cloudy
"USA, Iowa",03/27/2019,5.7,21.2,12.8,2.8,51.94,,37.1,64.8,181.25,1.8,0,0,,16,77.5,1018,,41.58982,-93.61538,"IA, United States","IA, United States",,Overcast
"USA, Iowa",03/28/2019,6.7,16.7,10.3,3.7,64.29,,25.9,,140,3.2,0,0,,16,75,1017.4,,41.58982,-93.61538,"IA, United States","IA, United States",,Partially cloudy
"USA, Iowa",03/29/2019,3.9,10.1,6.2,0.3,67.22,,29.5,,110.42,-0.7,5,8.33,,15.3,99.6,1018.6,,41.58982,-93.61538,"IA, United States","IA, United States",,"Rain, Overcast"
"USA, Iowa",03/30/2019,-0.6,5.7,2.8,-5.2,57.02,,38.9,68.4,305.83,-6.6,0,0,,16,77.1,1020.7,,41.58982,-93.61538,"IA, United States","IA, United States",,Overcast
"USA, Iowa",03/31/2019,-5.6,7.2,0.9,-8.6,52.14,,24.1,,280.43,-10.4,0,0,,16,11.3,1029,,41.58982,-93.61538,"IA, United States","IA, United States",,Clear
"USA, Iowa",04/01/2019,-0.6,15.1,7.3,-4.1,46.91,,35.3,59,204.58,-6.4,0,0,,16,78.8,1020.5,,41.58982,-93.61538,"IA, United States","IA, United States",,Overcast
"USA, Iowa",04/02/2019,1.2,12.2,6.2,-1.1,63.22,,25.9,,235.42,-2.9,2,4.17,,14.7,61.7,1017.8,,41.58982,-93.61538,"IA, United States","IA, United States",,"Rain, Partially cloudy"
"USA, Iowa",04/03/2019,1.7,11.7,6.6,1.3,70.25,,24.1,,130.95,-0.6,2.4,16.67,,15.7,67.9,1022.9,,41.58982,-93.61538,"IA, United States","IA, United States",,"Rain, Partially cloudy"
"USA, Iowa",04/04/2019,6.7,13.4,8.7,4.6,75.63,,24.1,51.8,95.42,2.7,0,0,,16,97.5,1020.5,,41.58982,-93.61538,"IA, United States","IA, United States",,Overcast
"USA, Iowa",04/05/2019,6.2,17.9,11.4,7.2,77.08,,16.6,,168.7,4.2,0,0,,12.2,94.6,1017.6,,41.58982,-93.61538,"IA, United States","IA, United States",,Overcast
"USA, Iowa",04/06/2019,8.4,24.4,15.4,9.1,69.4,,35.3,50,152.92,5.4,0.3,4.17,,14,87.1,1014,,41.58982,-93.61538,"IA, United States","IA, United States",,"Rain, Overcast"
"USA, Iowa",04/07/2019,12.9,21.2,16.3,11.6,74.85,,29.5,,237.78,,7.3,25,,13.2,78.8,1009.3,,41.58982,-93.61538,"IA, United States","IA, United States",,"Rain, Overcast"
"USA, Iowa",04/08/2019,8.4,26.7,17.5,6.5,54.56,,38.9,55.4,262.08,7.2,0,0,,16,30.8,1011.9,,41.58982,-93.61538,"IA, United States","IA, United States",,Partially cloudy
"USA, Iowa",04/09/2019,8.4,18.9,14.2,2.3,47.85,,25.9,47.9,157.06,7.8,0,0,,16,78.3,1013.6,,41.58982,-93.61538,"IA, United States","IA, United States",,Overcast
"USA, Iowa",04/10/2019,4.4,11.2,7.3,3.3,76.01,,40.7,77.8,82.08,-1.1,0,0,,16,98.8,1006.5,,41.58982,-93.61538,"IA, United States","IA, United States",,Overcast
"USA, Iowa",04/11/2019,3.9,14.4,7.4,2,69.7,,42.5,73.8,140.42,-2.4,0.5,4.17,,15.6,93.8,995.9,,41.58982,-93.61538,"IA, United States","IA, United States",,"Rain, Overcast"
"USA, Iowa",04/12/2019,0.7,4.4,2.4,-5.9,54.42,,55.4,81.4,249.58,-6.9,0,0,,15.9,95,1006.5,,41.58982,-93.61538,"IA, United States","IA, United States",,Overcast
"USA, Iowa",04/13/2019,-2.8,10.7,4.3,-4.4,55.01,,25.9,,214.58,-7.9,0,0,,16,47.1,1019.1,,41.58982,-93.61538,"IA, United States","IA, United States",,Partially cloudy
"USA, Iowa",04/14/2019,0.1,10.7,5.3,-4.1,52.66,,27.7,,130.42,-4.6,0,0,,16,60,1012.5,,41.58982,-93.61538,"IA, United States","IA, United States",,Partially cloudy
"USA, Iowa",04/15/2019,3.9,22.9,12.7,1.4,47.87,,35.3,51.8,147.08,0.5,0,0,,16,82.1,1010.7,,41.58982,-93.61538,"IA, United States","IA, United States",,Overcast
"USA, Iowa",04/16/2019,10.7,24.4,18.1,7.9,53.07,,18.4,,114.21,,0,0,,16,64.2,1009.3,,41.58982,-93.61538,"IA, United States","IA, United States",,Partially cloudy
"USA, Iowa",04/17/2019,10.1,24.4,17.5,11.4,67.77,,42.5,66.6,192.92,,4.6,4.17,,16,91.7,1004.5,,41.58982,-93.61538,"IA, United States","IA, United States",,"Rain, Overcast"
"USA, Iowa",04/18/2019,7.2,12.9,9.5,2.9,63.78,,31.7,63,340.42,2.9,0,0,,16,92.9,1009.7,,41.58982,-93.61538,"IA, United States","IA, United States",,Overcast
"USA, Iowa",04/19/2019,4.4,17.9,11.1,0.3,52.33,,27.7,,197.73,1.7,0,0,,16,21.7,1015.8,,41.58982,-93.61538,"IA, United States","IA, United States",,Clear
"USA, Iowa",04/20/2019,5.7,23.4,14.9,1.1,41.44,,24.1,,185.63,6.6,0,0,,16,5,1011.8,,41.58982,-93.61538,"IA, United States","IA, United States",,Clear
"USA, Iowa",04/21/2019,12.2,28.9,20.8,6.9,42.59,27.7,37.1,59,165.83,,0,0,,16,61.3,1008.6,,41.58982,-93.61538,"IA, United States","IA, United States",,Partially cloudy
"USA, Iowa",04/22/2019,10.1,22.9,17.4,9.3,60.93,,42.5,55.4,232.17,,0,0,,16,95.8,1011.6,,41.58982,-93.61538,"IA, United States","IA, United States",,Overcast
"USA, Iowa",04/23/2019,8.4,18.9,12.6,3.9,60.02,,27.7,,177.5,4.9,0,0,,16,94.2,1017.9,,41.58982,-93.61538,"IA, United States","IA, United States",,Overcast
"USA, Iowa",04/24/2019,7.2,20.7,13.4,7.1,67.01,,16.6,,168.13,6.2,0,0,,15.8,60,1012.4,,41.58982,-93.61538,"IA, United States","IA, United States",,Partially cloudy
"USA, Iowa",04/25/2019,9.4,17.2,12.8,8.3,75.36,,38.9,66.6,183.75,7.7,1.6,8.33,,13.1,37.5,1010.2,,41.58982,-93.61538,"IA, United States","IA, United States",,"Rain, Partially cloudy"
"USA, Iowa",04/26/2019,6.2,18.4,12.9,-2.8,35.82,,25.9,55.4,299.58,3.5,0,0,,16,37.1,1016.9,,41.58982,-93.61538,"IA, United States","IA, United States",,Partially cloudy
"USA, Iowa",04/27/2019,2.9,12.2,6.6,2.5,76.91,,37.1,63,65.83,-2.7,12.4,25,,13.9,97.9,1010.2,,41.58982,-93.61538,"IA, United States","IA, United States",,"Rain, Overcast"
"USA, Iowa",04/28/2019,-0.6,12.2,5.7,-0.8,66.28,,31.7,51.8,116.09,-3.3,6.9,8.33,,16,89.2,1018.5,,41.58982,-93.61538,"IA, United States","IA, United States",,"Rain, Overcast"
"USA, Iowa",04/29/2019,7.9,18.4,11.8,5.3,68.79,,22.3,,241.3,4.4,3.2,16.67,,14.4,89.2,1015.3,,41.58982,-93.61538,"IA, United States","IA, United States",,"Rain, Overcast"
"USA, Iowa",04/30/2019,7.9,12.2,9.3,6.8,85.69,,37.1,59,140.83,3.3,15.1,58.33,,9.5,100,1017,,41.58982,-93.61538,"IA, United States","IA, United States",,"Rain, Overcast"
"USA, Iowa",05/01/2019,7.2,12.2,9.4,7,86.02,,18.4,,182.63,4.2,1.3,12.5,,13.1,100,1015.1,,41.58982,-93.61538,"IA, United States","IA, United States",,"Rain, Overcast"
"USA, Iowa",05/02/2019,7.2,16.7,11.4,5.1,67.38,,20.5,,209.55,5.4,0,0,,16,81.7,1020,,41.58982,-93.61538,"IA, United States","IA, United States",,Overcast
"USA, Iowa",05/03/2019,6.2,15.1,10.9,4.4,65.04,,14.8,,118.42,4.2,0,0,,16,55,1018.5,,41.58982,-93.61538,"IA, United States","IA, United States",,Partially cloudy
"USA, Iowa",05/04/2019,5.7,20.7,13.2,5.9,64.22,,14.8,,163.64,3.6,0,0,,16,42.1,1014.6,,41.58982,-93.61538,"IA, United States","IA, United States",,Partially cloudy
"USA, Iowa",05/05/2019,12.2,25.1,17.8,9.4,60.56,,33.5,,176.96,,0.5,4.17,,16,81.3,1010.1,,41.58982,-93.61538,"IA, United States","IA, United States",,"Rain, Overcast"
"USA, Iowa",05/06/2019,11.2,19.4,14.8,9.4,71.64,,24.1,,87.39,,2,8.33,,15.3,76.3,1015.1,,41.58982,-93.61538,"IA, United States","IA, United States",,"Rain, Overcast"
"USA, Iowa",05/07/2019,10.1,16.2,13,6,63.11,,29.5,,61.25,,0,0,,16,97.9,1020.3,,41.58982,-93.61538,"IA, United States","IA, United States",,Overcast
"USA, Iowa",05/08/2019,8.4,18.9,12,9.3,84.21,,37.1,64.8,153.75,4.9,15.6,33.33,,12.9,98.8,1007.7,,41.58982,-93.61538,"IA, United States","IA, United States",,"Rain, Overcast"
"USA, Iowa",05/09/2019,3.4,9.4,6.8,2.4,74.04,,35.3,53.6,323.33,-2.5,0,0,,16,100,1012.9,,41.58982,-93.61538,"IA, United States","IA, United States",,Overcast
"USA, Iowa",05/10/2019,4.4,17.2,11.3,2.5,59.02,,20.5,,253.16,1.7,0,0,,16,56.3,1020.8,,41.58982,-93.61538,"IA, United States","IA, United States",,Partially cloudy
"USA, Iowa",05/11/2019,7.9,12.9,10.5,5.8,73.33,,22.3,,148.7,5.3,0.3,4.17,,15.8,95.8,1016.1,,41.58982,-93.61538,"IA, United States","IA, United States",,"Rain, Overcast"
"USA, Iowa",05/12/2019,6.7,11.7,8.8,5.7,81.31,,13,,129.41,4.7,3.1,26.09,,15.4,82.6,1011.8,,41.58982,-93.61538,"IA, United States","IA, United States",,"Rain, Overcast"
"USA, Iowa",05/13/2019,2.9,18.4,11.6,4.4,65.66,,16.6,,201.82,6.4,0,0,,14.1,30.4,1014.8,,41.58982,-93.61538,"IA, United States","IA, United States",,Partially cloudy
"USA, Iowa",05/14/2019,10.1,21.2,14.2,9.6,74.26,,24.1,,128.33,,5.6,20.83,,15.6,64.6,1013.5,,41.58982,-93.61538,"IA, United States","IA, United States",,"Rain, Partially cloudy"
"USA, Iowa",05/15/2019,9.4,25.1,17.6,11.2,68.66,,14.8,,102,8,0,0,,15,28.3,1013.3,,41.58982,-93.61538,"IA, United States","IA, United States",,Partially cloudy
"USA, Iowa",05/16/2019,16.7,32.9,24.1,15.4,61.28,32.9,31.7,,193.48,,3.3,4.17,,15.5,56.3,1005.8,,41.58982,-93.61538,"IA, United States","IA, United States",,"Rain, Partially cloudy"
"USA, Iowa",05/17/2019,17.1,27.2,20.9,17.4,81.58,28.7,24.1,,158.33,,49.9,50,,13.8,91.3,1005.9,,41.58982,-93.61538,"IA, United States","IA, United States",,"Rain, Overcast"
"USA, Iowa",05/18/2019,16.2,25.7,20.1,15.6,76.56,,33.5,,173.33,,12.1,25,,14.7,92.9,1001.9,,41.58982,-93.61538,"IA, United States","IA, United States",,"Rain, Overcast"
"USA, Iowa",05/19/2019,9.4,15.7,13.2,10.6,84.83,,33.5,47.9,289.58,6.5,3.8,4.17,,15.1,99.2,1005.6,,41.58982,-93.61538,"IA, United States","IA, United States",,"Rain, Overcast"
"USA, Iowa",05/20/2019,5.1,12.9,9.1,3.7,69.65,,24.1,,153.75,1.6,0,0,,16,96.7,1019.2,,41.58982,-93.61538,"IA, United States","IA, United States",,Overcast
"USA, Iowa",05/21/2019,8.4,12.9,9.6,7.5,87.2,,37.1,64.8,97.08,4.2,30.3,41.67,,12.9,100,1008.4,,41.58982,-93.61538,"IA, United States","IA, United States",,"Rain, Overcast"
"USA, Iowa",05/22/2019,13.4,22.2,17.1,9.9,65.13,,37.1,59,196.25,,0,0,,16,61.7,1003.6,,41.58982,-93.61538,"IA, United States","IA, United States",,Partially cloudy
"USA, Iowa",05/23/2019,9.4,21.7,16.2,8,60.29,,18.4,,231.74,7.7,0,0,,16,57.9,1017,,41.58982,-93.61538,"IA, United States","IA, United States",,Partially cloudy
"USA, Iowa",05/24/2019,13.1,26.2,19.4,15.6,79.91,,31.7,79.6,160.83,,53.3,33.33,,14.2,94.2,1012.4,,41.58982,-93.61538,"IA, United States","IA, United States",,"Rain, Overcast"
"USA, Iowa",05/25/2019,18.9,25.7,21.9,17.4,76.59,,25.9,,211.25,,0,0,,15.5,90.8,1012.1,,41.58982,-93.61538,"IA, United States","IA, United States",,Overcast
"USA, Iowa",05/26/2019,15.1,24.4,20.2,14.6,71.01,,24.1,,120,,11.4,12.5,,15.7,79.2,1016.2,,41.58982,-93.61538,"IA, United States","IA, United States",,"Rain, Overcast"
"USA, Iowa",05/27/2019,16.2,25.7,21.2,17,77.53,,35.3,53.6,207.08,,7.6,12.5,,15.7,74.2,1007.3,,41.58982,-93.61538,"IA, United States","IA, United States",,"Rain, Partially cloudy"
"USA, Iowa",05/28/2019,11.7,15.7,13.8,12.2,90.24,,27.7,59,136.96,,41.1,39.13,,13.4,94.8,1005.7,,41.58982,-93.61538,"IA, United States","IA, United States",,"Rain, Overcast"
"USA, Iowa",05/29/2019,14.1,24.4,18.4,15,82.11,,40.7,57.2,166.82,,4.1,12.5,,12.8,80.4,1005.4,,41.58982,-93.61538,"IA, United States","IA, United States",,"Rain, Overcast"
"USA, Iowa",05/30/2019,12.9,23.9,17.8,12.7,74.45,,14.8,,189.41,,0,0,,15.9,53.3,1007.9,,41.58982,-93.61538,"IA, United States","IA, United States",,Partially cloudy
"USA, Iowa",05/31/2019,13.9,29.4,21.4,14.5,67.13,29.3,25.9,,238.64,,0,0,,16,62.9,1011.7,,41.58982,-93.61538,"IA, United States","IA, United States",,Partially cloudy
"USA, Iowa",06/01/2019,16.7,27.9,21.6,13.1,60.99,27.4,29.5,,281.67,,0.6,8.33,,15.9,63.3,1010.1,,41.58982,-93.61538,"IA, United States","IA, United States",,"Rain, Partially cloudy"
"USA, Iowa",06/02/2019,11.7,25.7,19.5,6.4,44.61,,16.6,,235,,0,0,,16,42.5,1015.2,,41.58982,-93.61538,"IA, United States","IA, United States",,Partially cloudy
"USA, Iowa",06/03/2019,13.9,22.2,18.2,11.2,64.79,,18.4,,170.42,,1.3,12.5,,15.9,87.9,1016,,41.58982,-93.61538,"IA, United States","IA, United States",,"Rain, Overcast"
"USA, Iowa",06/04/2019,16.2,28.9,22.6,17.3,72.67,31.3,24.1,,173.75,,1.5,4.17,,16,68.3,1009,,41.58982,-93.61538,"IA, United States","IA, United States",,"Rain, Partially cloudy"
"USA, Iowa",06/05/2019,20.1,31.7,26,17.6,62.82,31.9,24.1,,162.38,,0,0,,16,45.4,1006.9,,41.58982,-93.61538,"IA, United States","IA, United States",,Partially cloudy
"USA, Iowa",06/06/2019,21.7,28.4,25.4,17.1,60.4,29.2,14.8,,89.17,,0,0,,16,73.3,1009.7,,41.58982,-93.61538,"IA, United States","IA, United States",,Partially cloudy
"USA, Iowa",06/07/2019,20.1,30.1,25.4,15.3,56,29.4,20.5,,92.5,,0,0,,16,18.8,1011.3,,41.58982,-93.61538,"IA, United States","IA, United States",,Clear
"USA, Iowa",06/08/2019,18.4,28.9,24.5,12.6,49.4,27.9,18.4,,101.36,,0,0,,16,10,1012.2,,41.58982,-93.61538,"IA, United States","IA, United States",,Clear
"USA, Iowa",06/09/2019,18.4,26.2,21.5,12.8,59.41,,37.1,57.2,293.64,,0,0,,16,58.3,1015.9,,41.58982,-93.61538,"IA, United States","IA, United States",,Partially cloudy
"USA, Iowa",06/10/2019,11.7,27.2,20.1,4.4,38.51,26.3,33.5,53.6,303.48,,0,0,,16,18.8,1023.1,,41.58982,-93.61538,"IA, United States","IA, United States",,Clear
"USA, Iowa",06/11/2019,13.4,26.7,19.7,7.3,47.47,,29.5,59,218.5,,0.5,4.17,,16,69.2,1018.7,,41.58982,-93.61538,"IA, United States","IA, United States",,"Rain, Partially cloudy"
"USA, Iowa",06/12/2019,13.9,22.9,18.3,8.9,60.23,,29.5,53.6,309.05,,1.3,4.17,,15.3,64.2,1014.1,,41.58982,-93.61538,"IA, United States","IA, United States",,"Rain, Partially cloudy"
"USA, Iowa",06/13/2019,8.9,23.4,17.1,4.5,45.52,,16.6,,274.29,7.1,0,0,,16,22.9,1016.9,,41.58982,-93.61538,"IA, United States","IA, United States",,Clear
"USA, Iowa",06/14/2019,15.7,24.4,19.7,12,61.46,,35.3,55.4,183.33,,0.3,4.17,,16,83.3,1010.1,,41.58982,-93.61538,"IA, United States","IA, United States",,"Rain, Overcast"
"USA, Iowa",06/15/2019,18.9,31.2,22.3,17.4,75.59,32.2,25.9,110.9,172.86,,20.1,12.5,,15.5,85.8,1004.6,,41.58982,-93.61538,"IA, United States","IA, United States",,"Rain, Overcast"
"USA, Iowa",06/16/2019,17.2,26.2,20.8,16.4,77.79,,18.4,,78.64,,0,0,,12.8,95,1009.9,,41.58982,-93.61538,"IA, United States","IA, United States",,Overcast
"USA, Iowa",06/17/2019,16.7,26.2,21.2,16.2,74.9,,22.3,,117.08,,0,0,,15,95.4,1014,,41.58982,-93.61538,"IA, United States","IA, United States",,Overcast
"USA, Iowa",06/18/2019,18.9,25.1,21.2,16.8,77.2,,14.8,,143.89,,0.3,4.17,,15.8,96.7,1012.8,,41.58982,-93.61538,"IA, United States","IA, United States",,"Rain, Overcast"
"USA, Iowa",06/19/2019,18.4,21.7,19.3,16.9,85.96,,16.6,,85.5,,5.6,12.5,,14.1,95,1007.2,,41.58982,-93.61538,"IA, United States","IA, United States",,"Rain, Overcast"
"USA, Iowa",06/20/2019,15.1,25.7,20.1,15.6,77.78,,18.4,,140,,0,0,,10,66.7,1007.6,,41.58982,-93.61538,"IA, United States","IA, United States",,Partially cloudy
"USA, Iowa",06/21/2019,17.9,22.2,19.8,16.7,82.54,,25.9,51.8,113.33,,22.3,29.17,,14.8,90.8,1008.3,,41.58982,-93.61538,"IA, United States","IA, United States",,"Rain, Overcast"
"USA, Iowa",06/22/2019,16.2,26.2,20.4,18,86.47,,25.9,,74.35,,8.1,16.67,,11,94.6,1011.3,,41.58982,-93.61538,"IA, United States","IA, United States",,"Rain, Overcast"
"USA, Iowa",06/23/2019,18.9,22.9,20.6,17.9,84.75,,16.6,,191.36,,54.9,16.67,,16,94.6,1007.6,,41.58982,-93.61538,"IA, United States","IA, United States",,"Rain, Overcast"
"USA, Iowa",06/24/2019,16.7,25.7,20.8,14.4,69.61,,29.5,,267.92,,0.3,4.17,,15.9,71.7,1005.4,,41.58982,-93.61538,"IA, United States","IA, United States",,"Rain, Partially cloudy"
"USA, Iowa",06/25/2019,18.4,28.4,22.6,15.3,64.43,28.5,24.1,,227.5,,0,0,,16,54.6,1010.4,,41.58982,-93.61538,"IA, United States","IA, United States",,Partially cloudy
"USA, Iowa",06/26/2019,18.4,28.9,23.4,17.8,73.01,29.2,16.6,,147.62,,0.3,4.17,,16,83.8,1015.5,,41.58982,-93.61538,"IA, United States","IA, United States",,"Rain, Overcast"
"USA, Iowa",06/27/2019,21.7,31.7,26.8,21.3,72.25,35.5,24.1,,167.08,,0,0,,16,61.3,1016.5,,41.58982,-93.61538,"IA, United States","IA, United States",,Partially cloudy
"USA, Iowa",06/28/2019,21.7,30.1,26.1,20.7,72.6,33.5,27.7,66.6,159.13,,0,0,,16,65.4,1016,,41.58982,-93.61538,"IA, United States","IA, United States",,Partially cloudy
"USA, Iowa",06/29/2019,21.2,34.4,27.9,22.2,72.46,40.8,18.4,,145.45,,0,0,,16,30.4,1016.3,,41.58982,-93.61538,"IA, United States","IA, United States",,Partially cloudy
"USA, Iowa",06/30/2019,25.7,33.4,29.6,22.8,67.43,38.9,20.5,,198.75,,0,0,,16,49.6,1015,,41.58982,-93.61538,"IA, United States","IA, United States",,Partially cloudy
"USA, Iowa",07/01/2019,23.9,32.9,27.8,20.9,67.49,35.6,24.1,,204.55,,0,0,,16,56.7,1013.7,,41.58982,-93.61538,"IA, United States","IA, United States",,Partially cloudy
"USA, Iowa",07/02/2019,22.9,33.4,27.1,20.7,69.77,36.2,24.1,85,227.73,,5.6,8.33,,15.5,65.8,1010.8,,41.58982,-93.61538,"IA, United States","IA, United States",,"Rain, Partially cloudy"
"USA, Iowa",07/03/2019,21.1,31.7,24.8,20.2,76.71,35,31.7,59,152.5,,20.6,8.33,,15.9,76.7,1010.2,,41.58982,-93.61538,"IA, United States","IA, United States",,"Rain, Overcast"
"USA, Iowa",07/04/2019,21.2,30.7,25.6,20.4,74.52,33.5,20.5,,190.43,,0,0,,15.9,64.2,1011.7,,41.58982,-93.61538,"IA, United States","IA, United States",,Partially cloudy
"USA, Iowa",07/05/2019,21.7,30.7,26,20.6,72.97,33.4,25.9,,230.48,,0,0,,15.9,64.2,1014.8,,41.58982,-93.61538,"IA, United States","IA, United States",,Partially cloudy
"USA, Iowa",07/06/2019,21.2,29.4,24.4,19.5,74.92,31.2,24.1,,237.92,,0,0,,16,75.4,1016.9,,41.58982,-93.61538,"IA, United States","IA, United States",,Overcast
"USA, Iowa",07/07/2019,20.1,28.4,24.3,17,65.53,28.8,16.6,,78.1,,0,0,,16,65.8,1017.2,,41.58982,-93.61538,"IA, United States","IA, United States",,Partially cloudy
"USA, Iowa",07/08/2019,20.7,29.4,25,17.4,63.44,30.3,20.5,,121.74,,0,0,,16,60.4,1015.2,,41.58982,-93.61538,"IA, United States","IA, United States",,Partially cloudy
"USA, Iowa",07/09/2019,21.2,31.7,26.5,19.3,65.74,34.6,29.5,47.9,179.17,,0,0,,15.9,54.2,1010.9,,41.58982,-93.61538,"IA, United States","IA, United States",,Partially cloudy
"USA, Iowa",07/10/2019,22.2,29.4,25.4,17.2,62.41,29,35.3,57.2,281.67,,0,0,,16,60.8,1014.1,,41.58982,-93.61538,"IA, United States","IA, United States",,Partially cloudy
"USA, Iowa",07/11/2019,18.9,28.9,23.8,16.5,64.86,29.4,20.5,,266.67,,0,0,,16,63.8,1015.9,,41.58982,-93.61538,"IA, United States","IA, United States",,Partially cloudy
"USA, Iowa",07/12/2019,18.4,31.7,25.4,17.5,64.22,32.5,20.5,,205,,0,0,,16,26.3,1014,,41.58982,-93.61538,"IA, United States","IA, United States",,Partially cloudy
"USA, Iowa",07/13/2019,20.7,31.7,26.2,19.6,68.17,34.2,14.8,,171.36,,0,0,,16,81.7,1015.2,,41.58982,-93.61538,"IA, United States","IA, United States",,Overcast
"USA, Iowa",07/14/2019,22.9,33.4,28.5,20,62.41,34.3,20.5,,165.22,,0,0,,16,30.8,1016.2,,41.58982,-93.61538,"IA, United States","IA, United States",,Partially cloudy
"USA, Iowa",07/15/2019,23.4,31.7,27.2,19.7,65.03,33,27.7,,178.75,,0,0,,16,44.6,1013.5,,41.58982,-93.61538,"IA, United States","IA, United States",,Partially cloudy
"USA, Iowa",07/16/2019,20.7,31.7,26.1,19.8,69.74,34,16.6,,185.79,,0,0,,16,47.9,1011.3,,41.58982,-93.61538,"IA, United States","IA, United States",,Partially cloudy
"USA, Iowa",07/17/2019,21.2,29.4,25,20.7,77.26,33.1,40.7,70.2,141.25,,41.9,8.33,,15.8,52.1,1010.2,,41.58982,-93.61538,"IA, United States","IA, United States",,"Rain, Partially cloudy"
"USA, Iowa",07/18/2019,24.4,35.1,29.8,22.8,66.78,41.1,27.7,,195.42,,0,0,,16,39.2,1005.4,,41.58982,-93.61538,"IA, United States","IA, United States",,Partially cloudy
"USA, Iowa",07/19/2019,26.7,35.7,31.1,23.4,64.42,44.3,27.7,47.9,199.58,,0,0,,16,10.8,1006,,41.58982,-93.61538,"IA, United States","IA, United States",,Clear
"USA, Iowa",07/20/2019,21.1,32.9,27.4,22.2,74.38,38.3,37.1,85,169.09,,32,8.33,,15.8,40.4,1008.5,,41.58982,-93.61538,"IA, United States","IA, United States",,"Rain, Partially cloudy"
"USA, Iowa",07/21/2019,20.1,24.4,22.3,18.4,79.06,,16.6,,113.33,,0,0,,16,97.1,1015.2,,41.58982,-93.61538,"IA, United States","IA, United States",,Overcast
"USA, Iowa",07/22/2019,18.9,25.7,22.2,13.9,61.27,,24.1,50,321.67,,0,0,,16,37.1,1020.3,,41.58982,-93.61538,"IA, United States","IA, United States",,Partially cloudy
"USA, Iowa",07/23/2019,15.1,27.2,21.6,12.2,57.86,26.9,16.6,,319.05,,0,0,,16,18.3,1022.9,,41.58982,-93.61538,"IA, United States","IA, United States",,Clear
"USA, Iowa",07/24/2019,16.2,27.2,22.5,14.6,63.66,27.2,11.2,,200.77,,0,0,,15.9,30.8,1021.4,,41.58982,-93.61538,"IA, United States","IA, United States",,Partially cloudy
"USA, Iowa",07/25/2019,17.2,26.2,22.4,16.1,69.13,,27.7,,172.5,,0.8,8.33,,16,61.3,1019.3,,41.58982,-93.61538,"IA, United States","IA, United States",,"Rain, Partially cloudy"
"USA, Iowa",07/26/2019,21.2,31.2,25.5,17.2,61.93,31.4,33.5,57.2,186.25,,0,0,,16,62.5,1017.2,,41.58982,-93.61538,"IA, United States","IA, United States",,Partially cloudy
"USA, Iowa",07/27/2019,22.2,32.2,26.2,17.7,60.18,33.3,25.9,,210,,8.4,4.17,,16,50.8,1016.7,,41.58982,-93.61538,"IA, United States","IA, United States",,"Rain, Partially cloudy"
"USA, Iowa",07/28/2019,21.2,29.4,25,19.4,71.88,31.2,22.3,,190,,1.1,8.33,,15.7,66.3,1013.7,,41.58982,-93.61538,"IA, United States","IA, United States",,"Rain, Partially cloudy"
"USA, Iowa",07/29/2019,19.4,28.9,23.9,17,68.31,28.6,31.7,53.6,287.08,,27.4,8.33,,15.3,42.5,1013.3,,41.58982,-93.61538,"IA, United States","IA, United States",,"Rain, Partially cloudy"
"USA, Iowa",07/30/2019,16.7,26.2,21.5,13.3,61.55,,13,,178.13,,0,0,,16,53.8,1018.4,,41.58982,-93.61538,"IA, United States","IA, United States",,Partially cloudy
"USA, Iowa",07/31/2019,17.9,23.4,19.9,15.4,75.44,,18.4,,112.17,,4.6,20.83,,15.8,64.2,1019.9,,41.58982,-93.61538,"IA, United States","IA, United States",,"Rain, Partially cloudy"
"USA, Iowa",08/01/2019,15.7,27.2,21.9,16.5,73.24,27.9,16.6,,112.38,,0,0,,16,50.8,1020.4,,41.58982,-93.61538,"IA, United States","IA, United States",,Partially cloudy
"USA, Iowa",08/02/2019,17.2,27.2,23.1,15.4,63.04,27.4,18.4,,120.87,,0,0,,16,62.5,1019.2,,41.58982,-93.61538,"IA, United States","IA, United States",,Partially cloudy
"USA, Iowa",08/03/2019,20.1,28.9,24.7,16.2,60.08,29.2,16.6,,101.67,,0,0,,16,67.5,1017.6,,41.58982,-93.61538,"IA, United States","IA, United States",,Partially cloudy
"USA, Iowa",08/04/2019,20.1,29.4,25,17.4,64.16,29.8,14.8,,166.67,,0,0,,16,31.3,1016.8,,41.58982,-93.61538,"IA, United States","IA, United States",,Partially cloudy
"USA, Iowa",08/05/2019,20.1,31.2,25.6,19,67.93,32.8,22.3,,205.22,,0,0,,16,69.6,1012.8,,41.58982,-93.61538,"IA, United States","IA, United States",,Partially cloudy
"USA, Iowa",08/06/2019,19.4,30.1,24.9,17,63.62,30.1,16.6,,281.67,,0,0,,16,34.2,1011.3,,41.58982,-93.61538,"IA, United States","IA, United States",,Partially cloudy
"USA, Iowa",08/07/2019,18.9,31.2,25.1,17.8,66.04,32.2,18.4,,227.89,,0,0,,16,65,1010.2,,41.58982,-93.61538,"IA, United States","IA, United States",,Partially cloudy
"USA, Iowa",08/08/2019,21.2,29.4,24.6,17.3,65.21,30.3,20.5,,189.55,,0,0,,16,54.6,1012.4,,41.58982,-93.61538,"IA, United States","IA, United States",,Partially cloudy
"USA, Iowa",08/09/2019,16.2,29.4,23.3,13.2,55.04,28.3,13,,155.83,,0,0,,16,34.6,1014.9,,41.58982,-93.61538,"IA, United States","IA, United States",,Partially cloudy
"USA, Iowa",08/10/2019,20.7,31.2,25.5,18.6,65.87,34.2,24.1,,147.83,,0,0,,16,76.3,1012.9,,41.58982,-93.61538,"IA, United States","IA, United States",,Overcast
"USA, Iowa",08/11/2019,22.9,28.4,25.4,22,82.03,30.9,16.6,63,206.82,,2.3,8.33,,15.9,80.8,1012.9,,41.58982,-93.61538,"IA, United States","IA, United States",,"Rain, Overcast"
"USA, Iowa",08/12/2019,21.7,28.9,24.7,21.2,81.5,31.9,27.7,,202.17,,7.2,12.5,,15.3,75.4,1009.3,,41.58982,-93.61538,"IA, United States","IA, United States",,"Rain, Overcast"
"USA, Iowa",08/13/2019,21.2,30.7,25.4,18.9,70.97,30.7,27.7,,296.96,,0,0,,12.4,39.6,1012.5,,41.58982,-93.61538,"IA, United States","IA, United States",,Partially cloudy
"USA, Iowa",08/14/2019,16.7,24.4,21.1,15.1,69.42,,27.7,,292.92,,0,0,,16,78.8,1016.6,,41.58982,-93.61538,"IA, United States","IA, United States",,Overcast
"USA, Iowa",08/15/2019,15.7,25.1,20.9,16.5,76.94,,16.6,,184.71,,0,0,,14.3,60.4,1015.8,,41.58982,-93.61538,"IA, United States","IA, United States",,Partially cloudy
"USA, Iowa",08/16/2019,18.9,27.2,22.7,16.7,70.74,27.7,18.4,,226.67,,0,0,,16,75,1011.4,,41.58982,-93.61538,"IA, United States","IA, United States",,Partially cloudy
"USA, Iowa",08/17/2019,20.1,29.4,24.4,18.1,68.59,30.1,20.5,,156.52,,0,0,,16,76.3,1008.9,,41.58982,-93.61538,"IA, United States","IA, United States",,Overcast
"USA, Iowa",08/18/2019,17.9,28.4,22.8,19.1,80.22,29.8,27.7,70.2,150.87,,51.6,20.83,,14.3,81.3,1009,,41.58982,-93.61538,"IA, United States","IA, United States",,"Rain, Overcast"
"USA, Iowa",08/19/2019,18.9,27.9,23.8,18.2,71.65,29.5,16.6,,95.24,,0,0,,16,62.1,1014.5,,41.58982,-93.61538,"IA, United States","IA, United States",,Partially cloudy
"USA, Iowa",08/20/2019,20.1,31.2,25.5,21.1,77.33,35.5,35.3,88.9,154,,73.7,20.83,,14.7,71.3,1013.3,,41.58982,-93.61538,"IA, United States","IA, United States",,"Rain, Partially cloudy"
"USA, Iowa",08/21/2019,20.1,26.2,22.8,20.4,86.53,,20.5,63,241.3,,12,16.67,,14.2,85.4,1015.6,,41.58982,-93.61538,"IA, United States","IA, United States",,"Rain, Overcast"
"USA, Iowa",08/22/2019,16.2,26.2,21.3,14.6,67.92,,16.6,,72.08,,0,0,,16,56.3,1016.5,,41.58982,-93.61538,"IA, United States","IA, United States",,Partially cloudy
"USA, Iowa",08/23/2019,16.2,25.7,21,14.4,67.51,,20.5,,96.25,,0,0,,16,26.7,1019.3,,41.58982,-93.61538,"IA, United States","IA, United States",,Partially cloudy
"USA, Iowa",08/24/2019,16.2,23.4,19.8,12.7,64.72,,24.1,,112.5,,0,0,,16,77.9,1020.4,,41.58982,-93.61538,"IA, United States","IA, United States",,Overcast
"USA, Iowa",08/25/2019,16.7,21.2,19.1,14.9,76.58,,20.5,,120.83,,0,0,,16,94.6,1014,,41.58982,-93.61538,"IA, United States","IA, United States",,Overcast
"USA, Iowa",08/26/2019,17.2,24.4,19.8,16.8,83.18,,20.5,,193.48,,0.3,4.17,,14.4,81.3,1008,,41.58982,-93.61538,"IA, United States","IA, United States",,"Rain, Overcast"
"USA, Iowa",08/27/2019,15.1,25.7,20.2,12.1,63.35,,35.3,55.4,275,,0,0,,16,22.1,1012.5,,41.58982,-93.61538,"IA, United States","IA, United States",,Clear
"USA, Iowa",08/28/2019,12.9,26.7,19.6,10.2,57.53,,35.3,47.9,260.91,,0,0,,16,15,1015.9,,41.58982,-93.61538,"IA, United States","IA, United States",,Clear
"USA, Iowa",08/29/2019,18.4,30.7,23.3,16.4,66.7,32.7,25.9,,209.57,,12.4,4.17,,15.9,63.8,1012.9,,41.58982,-93.61538,"IA, United States","IA, United States",,"Rain, Partially cloudy"
"USA, Iowa",08/30/2019,17.2,23.9,20,11.3,57.8,,27.7,,72.5,,0,0,,16,72.5,1020,,41.58982,-93.61538,"IA, United States","IA, United States",,Partially cloudy
"USA, Iowa",08/31/2019,15.1,18.9,17.4,12.7,73.97,,16.6,,83,,0.3,4.17,,15.8,93.8,1022.6,,41.58982,-93.61538,"IA, United States","IA, United States",,"Rain, Overcast"
"USA, Iowa",09/01/2019,15.1,25.7,20.3,15.8,76.61,,13,,145.5,,0,0,,16,60.8,1019.4,,41.58982,-93.61538,"IA, United States","IA, United States",,Partially cloudy
"USA, Iowa",09/02/2019,18.4,27.9,23.1,18.8,77.94,29.5,24.1,,180.43,,0,0,,16,56.7,1016.8,,41.58982,-93.61538,"IA, United States","IA, United States",,Partially cloudy
"USA, Iowa",09/03/2019,20.1,29.4,25,18.7,69.36,32.2,27.7,,262.92,,0,0,,16,45.8,1011.8,,41.58982,-93.61538,"IA, United States","IA, United States",,Partially cloudy
"USA, Iowa",09/04/2019,13.4,23.9,18.9,11.6,64.16,,14.8,,207,,0,0,,16,21.3,1020.2,,41.58982,-93.61538,"IA, United States","IA, United States",,Clear
"USA, Iowa",09/05/2019,14.4,29.4,21.5,16.5,74.05,31.2,29.5,51.8,162.61,,0,0,,16,34.2,1016.7,,41.58982,-93.61538,"IA, United States","IA, United States",,Partially cloudy
"USA, Iowa",09/06/2019,17.2,27.2,22.1,15.6,68.91,27.3,22.3,,317.08,,0,0,,16,38.8,1016.9,,41.58982,-93.61538,"IA, United States","IA, United States",,Partially cloudy
"USA, Iowa",09/07/2019,16.2,25.7,19.6,15.1,76.82,,16.6,,129.41,,2.3,8.33,,15.1,67.5,1017.2,,41.58982,-93.61538,"IA, United States","IA, United States",,"Rain, Partially cloudy"
"USA, Iowa",09/08/2019,17.2,21.2,18.8,15.9,83.72,,20.5,,98.33,,2,8.33,,16,99.2,1015.3,,41.58982,-93.61538,"IA, United States","IA, United States",,"Rain, Overcast"
"USA, Iowa",09/09/2019,18.4,30.7,22,19.5,86.79,33.4,27.7,,146.96,,11.3,25,,10.4,83.3,1013.9,,41.58982,-93.61538,"IA, United States","IA, United States",,"Rain, Overcast"
"USA, Iowa",09/10/2019,18.4,28.4,23.8,20.1,80.42,31.2,33.5,72,187.83,,58.1,41.67,,13.8,85.8,1014.6,,41.58982,-93.61538,"IA, United States","IA, United States",,"Rain, Overcast"
"USA, Iowa",09/11/2019,22.2,30.7,25.5,21.3,78.45,34.2,27.7,,169.55,,1.6,8.33,,15.6,60.8,1014.9,,41.58982,-93.61538,"IA, United States","IA, United States",,"Rain, Partially cloudy"
"USA, Iowa",09/12/2019,20.1,30.1,24.3,20.5,79.76,32.7,29.5,53.6,195.42,,2.5,20.83,,15.7,75.8,1012.6,,41.58982,-93.61538,"IA, United States","IA, United States",,"Rain, Overcast"
"USA, Iowa",09/13/2019,14.4,23.4,18.2,12.1,68.88,,37.1,55.4,253.75,,0,0,,16,42.1,1018.4,,41.58982,-93.61538,"IA, United States","IA, United States",,Partially cloudy
"USA, Iowa",09/14/2019,13.9,26.7,19.9,15.5,76.82,,24.1,,163.48,,1.3,8.33,,16,65,1018.5,,41.58982,-93.61538,"IA, United States","IA, United States",,"Rain, Partially cloudy"
"USA, Iowa",09/15/2019,21.7,31.2,25.9,20.4,73.29,33.7,20.5,,200,,0,0,,16,31.7,1014.2,,41.58982,-93.61538,"IA, United States","IA, United States",,Partially cloudy
"USA, Iowa",09/16/2019,21.2,30.7,25.7,21,76.86,33.4,14.8,,147.39,,0,0,,15.6,64.2,1016.2,,41.58982,-93.61538,"IA, United States","IA, United States",,Partially cloudy
"USA, Iowa",09/17/2019,21.7,31.7,26.2,21,75.05,34.4,25.9,,144.17,,0,0,,15.3,48.3,1015.1,,41.58982,-93.61538,"IA, United States","IA, United States",,Partially cloudy
"USA, Iowa",09/18/2019,22.2,31.2,25.9,20.9,75.16,34,24.1,,149.57,,0,0,,15.1,54.6,1013.6,,41.58982,-93.61538,"IA, United States","IA, United States",,Partially cloudy
"USA, Iowa",09/19/2019,20.7,26.7,23.4,20.2,82.51,,25.9,47.9,145,,2.3,8.33,,15.8,72.9,1014.8,,41.58982,-93.61538,"IA, United States","IA, United States",,"Rain, Partially cloudy"
"USA, Iowa",09/20/2019,21.2,31.7,25.7,19.7,71.61,32.7,27.7,47.9,152.5,,0,0,,15.2,43.3,1014.9,,41.58982,-93.61538,"IA, United States","IA, United States",,Partially cloudy
"USA, Iowa",09/21/2019,21.7,23.9,23,20.4,85.52,,27.7,47.9,181.67,,1.1,8.33,,15.1,98.8,1011.6,,41.58982,-93.61538,"IA, United States","IA, United States",,"Rain, Overcast"
"USA, Iowa",09/22/2019,14.4,22.1,18.2,16.5,90.24,,27.7,51.8,237.27,,31.3,50,,13.3,81.3,1011.5,,41.58982,-93.61538,"IA, United States","IA, United States",,"Rain, Overcast"
"USA, Iowa",09/23/2019,12.2,25.7,18.4,14,77.9,,20.5,,215,,0,0,,16,18.8,1016.4,,41.58982,-93.61538,"IA, United States","IA, United States",,Clear
"USA, Iowa",09/24/2019,15.1,28.9,21.8,17,75.7,30.6,37.1,63,194.17,,0,0,,16,66.7,1009.4,,41.58982,-93.61538,"IA, United States","IA, United States",,Partially cloudy
"USA, Iowa",09/25/2019,15.7,23.4,19.1,12,66.67,,25.9,,294.17,,1,8.33,,16,69.6,1009.7,,41.58982,-93.61538,"IA, United States","IA, United States",,"Rain, Partially cloudy"
"USA, Iowa",09/26/2019,10.1,22.2,16.6,8,59.1,,24.1,,226.09,,0,0,,16,48.8,1013.6,,41.58982,-93.61538,"IA, United States","IA, United States",,Partially cloudy
"USA, Iowa",09/27/2019,16.2,21.7,19.5,15.2,76.76,,24.1,,157.5,,0.6,8.33,,15.3,91.3,1004.5,,41.58982,-93.61538,"IA, United States","IA, United States",,"Rain, Overcast"
"USA, Iowa",09/28/2019,11.2,21.7,16.1,11.6,75.63,,27.7,47.9,92.92,,1.3,8.33,,16,87.9,1016.2,,41.58982,-93.61538,"IA, United States","IA, United States",,"Rain, Overcast"
"USA, Iowa",09/29/2019,13.9,21.7,17.2,15.7,91.05,,33.5,55.4,126.25,,7.9,25,,10.2,71.7,1015.8,,41.58982,-93.61538,"IA, United States","IA, United States",,"Rain, Partially cloudy"
"USA, Iowa",09/30/2019,20.7,30.7,25.3,20.5,75.7,33.4,42.5,68.4,185.83,,0,0,,16,38.8,1010.4,,41.58982,-93.61538,"IA, United States","IA, United States",,Partially cloudy
"USA, Iowa",10/01/2019,20.1,28.4,24,20.7,82.34,31.2,24.1,,176.36,,64.1,29.17,,14.3,89.2,1009.9,,41.58982,-93.61538,"IA, United States","IA, United States",,"Rain, Overcast"
"USA, Iowa",10/02/2019,12.9,20.1,14.9,13.8,93.38,,25.9,,227.73,,39.8,45.83,,9.7,100,1012.6,,41.58982,-93.61538,"IA, United States","IA, United States",,"Rain, Overcast"
"USA, Iowa",10/03/2019,8.9,13.4,11,6.6,74.57,,29.5,47.9,293.33,6.1,0,0,,16,82.5,1023.1,,41.58982,-93.61538,"IA, United States","IA, United States",,Overcast
"USA, Iowa",10/04/2019,5.1,14.4,10.1,5,71.29,,18.4,,100,2.9,0,0,,16,58.3,1027.2,,41.58982,-93.61538,"IA, United States","IA, United States",,Partially cloudy
"USA, Iowa",10/05/2019,11.2,20.7,13.9,9.9,77.75,,29.5,51.8,193.91,,20,29.17,,13.9,73.3,1013.9,,41.58982,-93.61538,"IA, United States","IA, United States",,"Rain, Partially cloudy"
"USA, Iowa",10/06/2019,7.2,16.2,11.6,6.2,70.26,,20.5,,245,5.4,0,0,,16,51.7,1020.1,,41.58982,-93.61538,"IA, United States","IA, United States",,Partially cloudy
"USA, Iowa",10/07/2019,6.2,21.7,13.2,4.4,58.97,,16.6,,232.5,5.3,0,0,,16,0,1022.8,,41.58982,-93.61538,"IA, United States","IA, United States",,Clear
"USA, Iowa",10/08/2019,7.9,20.7,13.8,5.8,60.58,,35.3,59,169.17,5.6,0,0,,16,17.5,1018.4,,41.58982,-93.61538,"IA, United States","IA, United States",,Clear
"USA, Iowa",10/09/2019,10.7,17.9,13.9,8.2,69.35,,27.7,47.9,146.25,,5.6,12.5,,15.9,67.5,1014.2,,41.58982,-93.61538,"IA, United States","IA, United States",,"Rain, Partially cloudy"
"USA, Iowa",10/10/2019,5.1,18.4,14.2,12.8,91.36,,35.3,53.6,153.04,-0.3,24.1,26.09,,12.3,100,1009.5,,41.58982,-93.61538,"IA, United States","IA, United States",,"Rain, Overcast"
"USA, Iowa",10/11/2019,0.1,4.4,3.4,-2.3,67.3,,42.5,63,275.83,-4,0.3,4.17,,16,94.2,1017.4,,41.58982,-93.61538,"IA, United States","IA, United States",,"Rain, Overcast"
"USA, Iowa",10/12/2019,-1.1,13.4,5.1,-3.5,57.76,,44.6,68.4,240.83,-7.3,0,0,,16,26.7,1013.6,,41.58982,-93.61538,"IA, United States","IA, United States",,Partially cloudy
"USA, Iowa",10/13/2019,0.1,12.9,5.8,-0.7,65.43,,31.7,47.9,280.42,-3.9,0,0,,16,36.7,1013.1,,41.58982,-93.61538,"IA, United States","IA, United States",,Partially cloudy
"USA, Iowa",10/14/2019,0.7,16.7,8.4,1.7,65.46,,22.3,55.4,146.67,-1,0,0,,16,20,1016.2,,41.58982,-93.61538,"IA, United States","IA, United States",,Clear
"USA, Iowa",10/15/2019,7.2,15.1,10.4,3.4,63.46,,42.5,72,267.08,3.4,0,0,,16,60.4,1012.8,,41.58982,-93.61538,"IA, United States","IA, United States",,Partially cloudy
"USA, Iowa",10/16/2019,4.4,8.9,6.9,1.4,68.45,,24.1,59,300.48,2.1,0,0,,16,83.3,1020.6,,41.58982,-93.61538,"IA, United States","IA, United States",,Overcast
"USA, Iowa",10/17/2019,1.7,17.2,9.2,3.5,70.19,,22.3,,149.57,-1.6,0,0,,16,24.2,1015.8,,41.58982,-93.61538,"IA, United States","IA, United States",,Clear
"USA, Iowa",10/18/2019,7.9,22.2,14.3,5.7,59.23,,50,73.8,155.42,4.6,0,0,,16,60.8,1007.5,,41.58982,-93.61538,"IA, United States","IA, United States",,Partially cloudy
"USA, Iowa",10/19/2019,8.9,17.9,12.7,8.4,75.83,,20.5,,215,7.4,4.3,29.17,,15.1,61.3,1007.1,,41.58982,-93.61538,"IA, United States","IA, United States",,"Rain, Partially cloudy"
"USA, Iowa",10/20/2019,6.2,17.9,11.8,5.5,69.13,,35.3,53.6,138.95,4.6,2.1,12.5,,15.8,61.3,1008.8,,41.58982,-93.61538,"IA, United States","IA, United States",,"Rain, Partially cloudy"
"USA, Iowa",10/21/2019,7.9,12.2,9.8,7,83.07,,42.5,70.2,195,3.1,23.9,41.67,,15.1,92.5,996.4,,41.58982,-93.61538,"IA, United States","IA, United States",,"Rain, Overcast"
"USA, Iowa",10/22/2019,5.7,11.7,8,0.4,60.76,,55.4,76,271.25,0.1,0.8,8.33,,15.9,52.9,1007.8,,41.58982,-93.61538,"IA, United States","IA, United States",,"Rain, Partially cloudy"
"USA, Iowa",10/23/2019,2.9,14.4,7.2,2.8,74.19,,29.5,,151.11,0.3,1.1,8.7,,16,68.3,1012.5,,41.58982,-93.61538,"IA, United States","IA, United States",,"Rain, Partially cloudy"
"USA, Iowa",10/24/2019,2.9,9.4,5.1,-1,66.36,,20.5,,283.16,-0.8,0,0,,16,69.2,1027.8,,41.58982,-93.61538,"IA, United States","IA, United States",,Partially cloudy
"USA, Iowa",10/25/2019,-1.6,11.2,4.8,-1.9,64.96,,13,,211,0.4,0,0,,16,29.2,1026.8,,41.58982,-93.61538,"IA, United States","IA, United States",,Partially cloudy
"USA, Iowa",10/26/2019,0.1,11.2,5.1,-0.5,68.07,,16.6,,139.5,-3.5,0,0,,16,37.9,1012.9,,41.58982,-93.61538,"IA, United States","IA, United States",,Partially cloudy
"USA, Iowa",10/27/2019,2.2,8.9,5.5,1.4,75.57,,24.1,,298.75,-1.7,0,0,,16,50.8,1013.8,,41.58982,-93.61538,"IA, United States","IA, United States",,Partially cloudy
"USA, Iowa",10/28/2019,-0.6,5.7,3.1,-4.3,60.36,,20.5,,306.36,-4.4,1.6,8.7,,13.7,89.1,1020.7,,41.58982,-93.61538,"IA, United States","IA, United States",,"Rain, Overcast"
"USA, Iowa",10/29/2019,-3.3,5.1,0.9,-4.1,71.87,,16.6,,267.33,-6.5,0.3,4.17,3,15.1,65.4,1025.5,,41.58982,-93.61538,"IA, United States","IA, United States",,"Snow, Partially cloudy"
"USA, Iowa",10/30/2019,-1.1,1.7,0.1,-5.8,65.04,,25.9,,241.67,-7.5,0.6,8.33,,13.8,85.8,1026.1,,41.58982,-93.61538,"IA, United States","IA, United States",,"Rain, Overcast"
"USA, Iowa",10/31/2019,-4.3,5.1,-0.2,-7.7,59.91,,29.5,50,289.17,-9.1,0.8,8.33,3,14.4,47.5,1021.7,,41.58982,-93.61538,"IA, United States","IA, United States",,"Snow, Partially cloudy"
"USA, Iowa",11/01/2019,-2.8,5.7,1.7,-2.1,77.16,,24.1,,235,-7,2.1,16.67,,15.2,75,1021.6,,41.58982,-93.61538,"IA, United States","IA, United States",,"Rain, Partially cloudy"
"USA, Iowa",11/02/2019,-0.6,8.9,3.6,-2.2,67.38,,29.5,50,266.67,-5.2,0,0,,16,29.2,1023.7,,41.58982,-93.61538,"IA, United States","IA, United States",,Partially cloudy
"USA, Iowa",11/03/2019,0.7,11.2,5.9,-1,62.28,,16.6,,185.83,-3.6,0,0,,16,84.8,1015.5,,41.58982,-93.61538,"IA, United States","IA, United States",,Overcast
"USA, Iowa",11/04/2019,1.7,8.9,4.3,-1.1,69.71,,31.7,,302.17,-2.9,0,0,,16,64.6,1018.5,,41.58982,-93.61538,"IA, United States","IA, United States",,Partially cloudy
"USA, Iowa",11/05/2019,-2.8,4.4,1.8,-4.4,65.2,,20.5,,228.1,-6.5,0,0,,16,70.8,1027,,41.58982,-93.61538,"IA, United States","IA, United States",,Partially cloudy
"USA, Iowa",11/06/2019,-3.3,8.9,3.3,-2.1,68.21,,33.5,50,167.5,-9.8,0.3,4.17,,15.3,71.3,1026.4,,41.58982,-93.61538,"IA, United States","IA, United States",,"Rain, Partially cloudy"
"USA, Iowa",11/07/2019,-8.8,-1.6,-4.8,-12.9,53.89,,27.7,,224.35,-14.2,0,0,,16,33.8,1036.2,,41.58982,-93.61538,"IA, United States","IA, United States",,Partially cloudy
"USA, Iowa",11/08/2019,-7.1,3.9,-2,-9.3,58.92,,31.7,,167.5,-13.2,0,0,,16,54.6,1028.5,,41.58982,-93.61538,"IA, United States","IA, United States",,Partially cloudy
"USA, Iowa",11/09/2019,-0.6,14.4,6.5,-2.2,54.7,,20.5,,217.14,-5.8,0,0,,15.9,62.5,1014.2,,41.58982,-93.61538,"IA, United States","IA, United States",,Partially cloudy
"USA, Iowa",11/10/2019,-1.6,5.1,2.3,-2.4,71.05,,29.5,,133.75,-7.5,0,0,,15.8,90.8,1019.2,,41.58982,-93.61538,"IA, United States","IA, United States",,Overcast
"USA, Iowa",11/11/2019,-13.8,-2.8,-8.1,-12.6,70.53,,35.3,57.2,310,-21.4,3.6,29.17,5.8,10.5,63.8,1034,,41.58982,-93.61538,"IA, United States","IA, United States",,"Snow, Partially cloudy"
"USA, Iowa",11/12/2019,-17.1,-7.1,-11.9,-17.1,65.89,,31.7,,226.36,-23.6,0,0,5,16,41.3,1033.8,,41.58982,-93.61538,"IA, United States","IA, United States",,"Snow, Partially cloudy"
"USA, Iowa",11/13/2019,-8.8,-0.6,-3.5,-8.6,68.07,,27.7,,226.67,-17.7,0,0,5,15.6,96.3,1017.8,,41.58982,-93.61538,"IA, United States","IA, United States",,"Snow, Overcast"
"USA, Iowa",11/14/2019,-4.9,0.1,-2.9,-7.3,71.97,,24.1,,298.75,-8.8,0,0,4,16,44.2,1026.4,,41.58982,-93.61538,"IA, United States","IA, United States",,"Snow, Partially cloudy"
"USA, Iowa",11/15/2019,-4.9,12.9,2.5,-4.4,62.2,,16.6,,187.39,-9,0,0,3,16,40,1027.6,,41.58982,-93.61538,"IA, United States","IA, United States",,"Snow, Partially cloudy"
"USA, Iowa",11/16/2019,0.1,11.2,4.8,-4.1,54.36,,33.5,47.9,152.08,-4.3,0,0,,16,59.6,1022.1,,41.58982,-93.61538,"IA, United States","IA, United States",,Partially cloudy
"USA, Iowa",11/17/2019,2.9,6.7,4.4,1.6,82.11,,18.4,,266.25,-0.2,1.6,8.33,,15.1,99.6,1014.4,,41.58982,-93.61538,"IA, United States","IA, United States",,"Rain, Overcast"
"USA, Iowa",11/18/2019,-1.1,8.9,4,1.6,84.77,,18.4,,162.38,-4.4,2.7,16.67,,13.9,83.3,1008.1,,41.58982,-93.61538,"IA, United States","IA, United States",,"Rain, Overcast"
"USA, Iowa",11/19/2019,2.9,12.9,7.4,2.4,72.62,,31.7,,269.13,-0.5,0,0,,15.6,41.7,1011.2,,41.58982,-93.61538,"IA, United States","IA, United States",,Partially cloudy
"USA, Iowa",11/20/2019,4.4,15.7,10,3.1,64.25,,31.7,51.8,127.08,1.8,5.4,8.33,,15.3,98.8,1012.8,,41.58982,-93.61538,"IA, United States","IA, United States",,"Rain, Overcast"
"USA, Iowa",11/21/2019,-1.6,13.4,5.3,2.6,82.61,,40.7,64.8,290.83,-6,5.6,20.83,,15,97.9,1013.5,,41.58982,-93.61538,"IA, United States","IA, United States",,"Rain, Overcast"
"USA, Iowa",11/22/2019,-5.6,0.7,-2.8,-7,73.07,,24.1,,247.37,-10.9,0,0,,16,67.9,1023.3,,41.58982,-93.61538,"IA, United States","IA, United States",,Partially cloudy
"USA, Iowa",11/23/2019,-4.3,8.4,1.3,-3.2,73.19,,27.7,,235.65,-8.7,0,0,,16,60.8,1012.4,,41.58982,-93.61538,"IA, United States","IA, United States",,Partially cloudy
"USA, Iowa",11/24/2019,-0.6,13.4,5.4,-1,65.83,,24.1,,240.83,-4.8,0,0,,16,34.2,1005.9,,41.58982,-93.61538,"IA, United States","IA, United States",,Partially cloudy
"USA, Iowa",11/25/2019,3.4,11.2,6.4,-0.7,62.12,,24.1,,298.64,0.7,0,0,,16,76.7,1004.4,,41.58982,-93.61538,"IA, United States","IA, United States",,Overcast
"USA, Iowa",11/26/2019,0.1,3.9,2.8,-0.1,81.85,,27.7,,64.17,-3.9,9,25,,11.7,97.9,1003.2,,41.58982,-93.61538,"IA, United States","IA, United States",,"Rain, Overcast"
"USA, Iowa",11/27/2019,-2.1,3.4,0.5,-3,77.63,,51.8,90.7,309.58,-8.2,0,0,,15.1,99.6,1015.5,,41.58982,-93.61538,"IA, United States","IA, United States",,Overcast
"USA, Iowa",11/28/2019,-2.1,0.1,-1.1,-4.5,77.81,,14.8,,100.87,-7,0.3,4.17,,15.5,95.8,1032.1,,41.58982,-93.61538,"IA, United States","IA, United States",,"Rain, Overcast"
"USA, Iowa",11/29/2019,-0.6,2.2,0.8,-0.3,92.69,,20.5,,113.33,-5.2,2.3,12.5,,7.6,100,1023.4,,41.58982,-93.61538,"IA, United States","IA, United States",,"Rain, Overcast"
"USA, Iowa",11/30/2019,1.7,8.1,4,2.6,90.54,,29.5,60.8,142.08,-3.4,5.6,33.33,,9.8,96.3,999.4,,41.58982,-93.61538,"IA, United States","IA, United States",,"Rain, Overcast"
"USA, Iowa",12/01/2019,-2.1,2.2,-0.1,-2.4,84.7,,44.6,64.8,306.67,-9.2,4.3,25,3,11,100,1005.1,,41.58982,-93.61538,"IA, United States","IA, United States",,"Snow, Overcast"
"USA, Iowa",12/02/2019,-7.8,0.7,-3.2,-7.6,72.15,,25.9,,264.58,-13.6,0,0,3,16,47.1,1020.6,,41.58982,-93.61538,"IA, United States","IA, United States",,"Snow, Partially cloudy"
"USA, Iowa",12/03/2019,0.1,10.1,4,-2.5,63.38,,37.1,55.4,269.58,-3.6,0,0,,16,64.6,1010.2,,41.58982,-93.61538,"IA, United States","IA, United States",,Partially cloudy
"USA, Iowa",12/04/2019,0.1,11.2,4.3,-1.6,67.16,,24.1,,279.52,-3.9,0,0,,16,17.5,1012.6,,41.58982,-93.61538,"IA, United States","IA, United States",,Clear
"USA, Iowa",12/05/2019,-1.6,13.9,5,-0.1,72.25,,29.5,50,232,-5.6,0,0,,16,40.8,1014.3,,41.58982,-93.61538,"IA, United States","IA, United States",,Partially cloudy
"USA, Iowa",12/06/2019,-5.6,0.7,-1.8,-5.8,74.28,,31.7,53.6,310.48,-9.8,0,0,,16,65.8,1028,,41.58982,-93.61538,"IA, United States","IA, United States",,Partially cloudy
"USA, Iowa",12/07/2019,-5.6,7.9,1.2,-4.8,66.79,,25.9,,183.33,-10.9,0,0,,16,58.8,1022.5,,41.58982,-93.61538,"IA, United States","IA, United States",,Partially cloudy
"USA, Iowa",12/08/2019,2.9,7.9,4.9,-0.6,68.03,,27.7,,159.09,-1.4,0,0,,15.9,96.7,1009,,41.58982,-93.61538,"IA, United States","IA, United States",,Overcast
"USA, Iowa",12/09/2019,-10.6,5.7,-2.9,-6.6,76.25,,44.6,66.6,284.35,-20.3,0.3,4.17,3,13.2,61.3,1009.1,,41.58982,-93.61538,"IA, United States","IA, United States",,"Snow, Partially cloudy"
"USA, Iowa",12/10/2019,-12.1,-6.6,-9.5,-13.6,72.67,,27.7,,265.22,-18.5,0,0,3,15,69.6,1025.8,,41.58982,-93.61538,"IA, United States","IA, United States",,"Snow, Partially cloudy"
"USA, Iowa",12/11/2019,-9.3,-4.3,-6.2,-11.6,65.92,,24.1,,137.14,-15.4,0,0,3,15.8,74.2,1028.9,,41.58982,-93.61538,"IA, United States","IA, United States",,"Snow, Partially cloudy"
"USA, Iowa",12/12/2019,-6.1,8.4,0.4,-4.5,70.37,,37.1,53.6,235,-11.5,0,0,,15.5,87.1,1018.5,,41.58982,-93.61538,"IA, United States","IA, United States",,Overcast
"USA, Iowa",12/13/2019,-7.8,-0.6,-4.2,-6.9,81.83,,20.5,,215,-13,0,0,,11,75.8,1013.8,,41.58982,-93.61538,"IA, United States","IA, United States",,Overcast
"USA, Iowa",12/14/2019,-10.6,-2.1,-5.8,-9.8,74.15,,29.5,47.9,321.25,-17.9,0,0,,14.5,66.3,1015.1,,41.58982,-93.61538,"IA, United States","IA, United States",,Partially cloudy
"USA, Iowa",12/15/2019,-12.8,-7.1,-9.9,-13.4,75.51,,11.2,,137.62,-18.4,1.2,16.67,3,13.5,97.9,1020.6,,41.58982,-93.61538,"IA, United States","IA, United States",,"Snow, Overcast"
"USA, Iowa",12/16/2019,-8.8,-3.3,-6.5,-9.3,80.71,,16.6,,281.05,-14,0,0,3,15.1,76.3,1024.1,,41.58982,-93.61538,"IA, United States","IA, United States",,"Snow, Overcast"
"USA, Iowa",12/17/2019,-7.8,2.2,-3.7,-6.4,81.93,,20.5,,274.58,-12.4,0,0,,13.8,64.6,1023.8,,41.58982,-93.61538,"IA, United States","IA, United States",,Partially cloudy
"USA, Iowa",12/18/2019,-11.6,0.1,-6.2,-11.4,67.72,,25.9,,223.48,-17.5,0,0,,15.9,39.6,1025.7,,41.58982,-93.61538,"IA, United States","IA, United States",,Partially cloudy
"USA, Iowa",12/19/2019,-6.1,9.4,0.5,-5.4,67.49,,20.5,,181.25,-10.4,0,0,,14.9,56.3,1021.5,,41.58982,-93.61538,"IA, United States","IA, United States",,Partially cloudy
"USA, Iowa",12/20/2019,-2.1,7.9,2.8,-4.4,60.21,,24.1,,185.42,-5.7,0,0,,16,59.6,1024.6,,41.58982,-93.61538,"IA, United States","IA, United States",,Partially cloudy
"USA, Iowa",12/21/2019,-4.3,11.2,2,-3.1,72.44,,22.3,,189.58,-9.7,0,0,,14.7,19.6,1025.2,,41.58982,-93.61538,"IA, United States","IA, United States",,Clear
"USA, Iowa",12/22/2019,-0.6,12.9,4.8,-1.3,67.76,,25.9,,196.67,-5.2,0,0,,15.1,52.9,1020.1,,41.58982,-93.61538,"IA, United States","IA, United States",,Partially cloudy
"USA, Iowa",12/23/2019,-0.6,11.2,5.1,0.2,71.7,,16.6,,177.14,-4.8,0,0,,15.6,70,1016.9,,41.58982,-93.61538,"IA, United States","IA, United States",,Partially cloudy
"USA, Iowa",12/24/2019,1.7,11.7,6.2,1,70.78,,16.6,,166.67,-2.3,0,0,,16,82.9,1011.6,,41.58982,-93.61538,"IA, United States","IA, United States",,Overcast
"USA, Iowa",12/25/2019,3.4,15.7,9.3,3,65.61,,24.1,,185,-0.8,0,0,,16,78.8,1006.8,,41.58982,-93.61538,"IA, United States","IA, United States",,Overcast
"USA, Iowa",12/26/2019,-0.6,3.4,1,-2,81.16,,25.9,,303.75,-6.8,0,0,,13.2,92.9,1016.9,,41.58982,-93.61538,"IA, United States","IA, United States",,Overcast
"USA, Iowa",12/27/2019,-3.8,5.7,0.8,-4.3,69.76,,25.9,,181.5,-7.3,0,0,,15.7,72.5,1024.4,,41.58982,-93.61538,"IA, United States","IA, United States",,Partially cloudy
"USA, Iowa",12/28/2019,1.7,10.7,5,3.4,90.06,,22.3,,114.17,-2.6,21.1,45.83,,7.4,91.7,1010.1,,41.58982,-93.61538,"IA, United States","IA, United States",,"Rain, Overcast"
"USA, Iowa",12/29/2019,-1.1,10.7,4.4,1.4,80.85,,40.7,66.6,211.67,-7,0.3,4.17,,15.5,95.8,997.9,,41.58982,-93.61538,"IA, United States","IA, United States",,"Rain, Overcast"
"USA, Iowa",12/30/2019,-4.3,-2.1,-3.6,-7,77.32,,40.7,59,277.92,-12.9,0,0,,14.1,99.6,1004.3,,41.58982,-93.61538,"IA, United States","IA, United States",,Overcast
"USA, Iowa",12/31/2019,-4.3,1.2,-1.6,-5.6,74.49,,40.7,60.8,285.22,-10.6,0,0,,15.7,76.5,1012.3,,41.58982,-93.61538,"IA, United States","IA, United States",,Overcast
